Date,PETR4.SA,VALE3.SA,ITUB4.SA
2024-05-06,31.167078018188477,54.22404098510742,24.226543426513672
2024-05-07,31.5473575592041,54.561988830566406,24.72752571105957
2024-05-08,32.02851867675781,54.06351089477539,24.884546279907227
2024-05-09,32.33894729614258,54.50284957885742,24.13681411743164
2024-05-10,32.269100189208984,54.31697463989258,24.413475036621094
2024-05-13,32.300140380859375,54.63802719116211,24.712568283081055
2024-05-14,31.718093872070312,54.60422897338867,24.981752395629883
2024-05-15,29.801197052001953,54.44370651245117,24.914457321166992
2024-05-16,28.931987762451172,54.84079360961914,24.839685440063477
2024-05-17,28.474105834960938,55.91378402709961,24.847164154052734
2024-05-20,28.520673751831055,55.88844299316406,24.772388458251953
2024-05-21,28.466344833374023,55.727909088134766,24.6452693939209
2024-05-22,28.854379653930664,55.288578033447266,24.26392364501953
2024-05-23,28.56723976135254,54.95908737182617,24.047086715698242
2024-05-24,28.412023544311523,54.98442459106445,23.815288543701172
2024-05-27,28.722450256347656,55.1702995300293,23.73303985595703
2024-05-28,29.335546493530273,53.97902297973633,23.60593032836914
2024-05-29,29.296743392944336,53.42985916137695,23.44142723083496
2024-05-31,30.103864669799805,53.396060943603516,23.2021541595459
2024-06-03,29.940887451171875,52.272377014160156,23.52958106994629
2024-06-04,29.607175827026367,51.74010467529297,23.611875534057617
2024-06-05,29.645978927612305,51.005062103271484,23.566987991333008
2024-06-06,29.785669326782227,51.714759826660156,23.866243362426758
2024-06-07,28.668127059936523,51.03886413574219,23.52958106994629
2024-06-10,29.102725982666016,51.59648132324219,23.342538833618164
2024-06-11,29.226896286010742,51.520442962646484,23.604394912719727
2024-06-12,28.59093475341797,50.81074142456055,23.566987991333008
2024-06-13,28.303590774536133,51.39371109008789,23.320098876953125
2024-06-14,27.68100929260254,51.216285705566406,23.297649383544922
2024-06-17,27.78477668762207,51.01351547241211,23.866243362426758
2024-06-18,28.65479278564453,51.25008010864258,23.851287841796875
2024-06-19,28.67873764038086,51.410606384277344,24.03832244873047
2024-06-20,29.133705139160156,51.87528610229492,23.87373161315918
2024-06-21,29.28536033630371,51.39371109008789,24.040390014648438
2024-06-24,29.580686569213867,51.45284652709961,24.38727378845215
2024-06-25,29.556745529174805,51.24163055419922,24.462678909301758
2024-06-26,29.604637145996094,51.87528610229492,24.417428970336914
2024-06-27,30.09950828552246,52.010467529296875,24.462678909301758
2024-06-28,30.37088966369629,52.568084716796875,24.440053939819336
2024-07-01,30.83384132385254,53.345367431640625,24.32509994506836
2024-07-02,30.738052368164062,53.16794204711914,24.641998291015625
2024-07-03,30.203264236450195,54.22404098510742,24.792896270751953
2024-07-04,29.7882137298584,53.95368194580078,24.83062744140625
2024-07-05,29.947847366333008,53.7340087890625,24.845714569091797
2024-07-08,30.682178497314453,53.31157302856445,24.80044174194336
2024-07-09,30.674196243286133,53.24398422241211,24.97397804260254
2024-07-10,30.38685417175293,52.52583694458008,25.238048553466797
2024-07-11,30.594379425048828,52.39065933227539,25.388957977294922
2024-07-12,30.450708389282227,53.15949630737305,25.24559783935547
2024-07-15,30.730073928833008,53.21863555908203,25.343687057495117
2024-07-16,30.650251388549805,52.66101837158203,25.494583129882812
2024-07-17,30.809885025024414,52.17099380493164,25.77375030517578
2024-07-18,30.75401496887207,51.68096923828125,25.653030395507812
2024-07-19,30.881723403930664,51.63871765136719,25.849199295043945
2024-07-22,30.26712417602539,51.5795783996582,25.834110260009766
2024-07-23,29.876014709472656,50.88678741455078,25.796384811401367
2024-07-24,30.1154727935791,51.19938659667969,25.758657455444336
2024-07-25,30.075557708740234,51.17403793334961,25.645483016967773
2024-07-26,30.043628692626953,51.93442916870117,25.834110260009766
2024-07-29,29.437015533447266,52.027366638183594,26.022737503051758
2024-07-30,29.253440856933594,50.878334045410156,25.924646377563477
2024-07-31,29.860057830810547,52.06960678100586,25.562490463256836
2024-08-01,29.405088424682617,50.90367889404297,25.19081687927246
2024-08-02,28.519102096557617,50.19398880004883,24.873764038085938
2024-08-05,28.495155334472656,49.934593200683594,24.873764038085938
2024-08-06,28.99003028869629,50.188560485839844,25.42483139038086
2024-08-07,28.95012664794922,50.09222412109375,25.492773056030273
2024-08-08,29.413068771362305,49.78571701049805,25.402191162109375
2024-08-09,29.14168357849121,49.96962356567383,26.089139938354492
2024-08-12,29.80417823791504,49.71565628051758,26.126880645751953
2024-08-13,29.620594024658203,49.49672317504883,26.86667823791504
2024-08-14,30.139415740966797,49.041343688964844,27.530986785888672
2024-08-15,30.602359771728516,49.242759704589844,27.968822479248047
2024-08-16,30.730073928833008,49.11140060424805,27.734811782836914
2024-08-19,30.682178497314453,49.89956283569336,27.900882720947266
2024-08-20,30.562458038330078,50.09222412109375,28.104705810546875
2024-08-21,30.37887191772461,51.055538177490234,27.991474151611328
2024-08-22,30.471799850463867,51.1255989074707,27.734811782836914
2024-08-23,30.282987594604492,50.26737594604492,27.523441314697266
2024-08-26,32.483001708984375,50.83659744262695,27.58382225036621
2024-08-27,32.04792022705078,52.369144439697266,27.614025115966797
2024-08-28,32.507625579833984,51.99257278442383,28.210391998291016
2024-08-29,32.285987854003906,51.931278228759766,27.900882720947266
2024-08-30,32.31882095336914,52.17647933959961,27.704614639282227
2024-09-02,32.01508712768555,51.44086456298828,27.48381233215332
2024-09-03,31.629262924194336,49.52299499511719,27.929412841796875
2024-09-04,31.637475967407227,49.908321380615234,28.12578010559082
2024-09-05,31.44045639038086,50.26737594604492,28.307048797607422
2024-09-06,30.824783325195312,49.6368408203125,27.90675926208496
2024-09-09,31.16135025024414,49.6368408203125,28.17864418029785
2024-09-10,30.644187927246094,49.041343688964844,28.17864418029785
2024-09-11,30.61135482788086,50.43376541137695,28.23151969909668
2024-09-12,30.266572952270508,50.88914489746094,27.92186164855957
2024-09-13,30.127017974853516,51.230682373046875,27.95207977294922
2024-09-16,30.545677185058594,51.230682373046875,27.94451904296875
2024-09-17,30.406124114990234,50.985477447509766,27.876554489135742
2024-09-18,29.675525665283203,50.38998031616211,27.717947006225586
2024-09-19,29.774036407470703,50.994232177734375,27.642423629760742
2024-09-20,29.765817642211914,50.22358322143555,27.340314865112305
2024-09-23,30.06955909729004,50.381221771240234,27.180517196655273
2024-09-24,30.192691802978516,52.842044830322266,27.172910690307617
2024-09-25,30.414331436157227,53.0784912109375,27.515329360961914
2024-09-26,29.757614135742188,56.266178131103516,27.8653564453125
2024-09-27,29.642688751220703,56.01221466064453,27.971885681152344
2024-09-30,29.560596466064453,55.618133544921875,27.477283477783203
2024-10-01,30.348665237426758,55.889610290527344,27.026323318481445
2024-10-02,30.767318725585938,56.19612121582031,27.193805694580078
2024-10-03,31.144933700561523,55.118961334228516,26.523860931396484
2024-10-04,31.06283950805664,54.716121673583984,26.577150344848633
2024-10-07,31.49791717529297,55.19778060913086,26.75225257873535
2024-10-08,30.865827560424805,53.525115966796875,26.912124633789062
2024-10-09,30.55388641357422,53.3849983215332,26.417280197143555
2024-10-10,30.90687370300293,53.63896560668945,26.561927795410156
2024-10-11,30.882244110107422,54.40961837768555,26.36398696899414
2024-10-14,30.95612907409668,54.234466552734375,26.531471252441406
2024-10-15,30.701648712158203,53.56890869140625,26.835994720458984
2024-10-16,30.545677185058594,54.5935173034668,26.676122665405273
2024-10-17,30.315824508666992,53.20985412597656,26.729413986206055
2024-10-18,30.233739852905273,53.02594757080078,26.858840942382812
2024-10-21,29.757614135742188,52.83328628540039,26.7217960357666
2024-10-22,29.642688751220703,52.90334701538086,26.767480850219727
2024-10-23,29.27328109741211,51.97506332397461,26.93496322631836
2024-10-24,29.470298767089844,52.28157424926758,27.17858123779297
2024-10-25,29.675525665283203,54.059322357177734,26.874061584472656
2024-10-28,29.626272201538086,55.06642150878906,27.20142364501953
2024-10-29,29.560596466064453,54.873756408691406,26.912124633789062
2024-10-30,29.429250717163086,54.707366943359375,26.835994720458984
2024-10-31,29.47850799560547,54.34831237792969,26.6608943939209
2024-11-01,29.07626724243164,54.32203674316406,26.514389038085938
2024-11-04,29.141935348510742,54.882511138916016,26.872385025024414
2024-11-05,29.051639556884766,54.40085220336914,27.67976951599121
2024-11-06,29.059852600097656,53.787841796875,27.550283432006836
2024-11-07,29.150146484375,55.661922454833984,27.146589279174805
2024-11-08,29.700151443481445,53.09600830078125,26.720043182373047
2024-11-11,29.757614135742188,51.36204528808594,26.750511169433594
2024-11-12,30.315824508666992,50.19731903076172,26.430601119995117
2024-11-13,30.274782180786133,50.05719757080078,26.293502807617188
2024-11-14,30.594932556152344,49.77695846557617,26.217327117919922
2024-11-18,31.358369827270508,50.39873123168945,26.125925064086914
2024-11-19,31.030006408691406,50.51258087158203,26.362049102783203
2024-11-21,31.120311737060547,50.46003341674805,25.905040740966797
2024-11-22,32.35986328125,50.95044708251953,25.981203079223633
2024-11-25,32.1628532409668,50.941688537597656,25.973587036132812
2024-11-26,32.12180709838867,50.293643951416016,26.46868324279785
2024-11-27,32.00688171386719,50.90666580200195,25.821247100830078
2024-11-28,31.67852210998535,50.381221771240234,24.891984939575195
2024-11-29,31.93299674987793,51.47589111328125,24.831050872802734
2024-12-02,32.13822555541992,51.59849166870117,24.478700637817383
2024-12-03,32.425537109375,51.20441818237305,24.753055572509766
2024-12-04,32.220314025878906,50.20606994628906,24.905467987060547
2024-12-05,32.54046630859375,50.61766815185547,25.438941955566406
2024-12-06,32.039710998535156,49.75068664550781,24.92071533203125
2024-12-09,32.86882400512695,52.39542007446289,25.042654037475586
2024-12-10,32.99195861816406,52.342872619628906,25.38160514831543
2024-12-11,33.320316314697266,51.52843475341797,25.627805709838867
2024-12-12,32.724334716796875,50.106380462646484,24.989227294921875
2024-12-13,32.51948547363281,49.3553581237793,24.666091918945312
2024-12-16,32.3829231262207,49.328853607177734,24.396812438964844
2024-12-17,32.69019317626953,49.57624816894531,24.52760124206543
2024-12-18,31.845203399658203,48.42762756347656,23.827476501464844
2024-12-19,31.71717071533203,47.508731842041016,23.958267211914062
2024-12-20,31.452577590942383,48.25975036621094,24.23524284362793
2024-12-23,31.46111297607422,48.46296691894531,23.765928268432617
2024-12-26,31.69761848449707,48.60433578491211,23.919795989990234
2024-12-27,31.600141525268555,48.365779876708984,23.68128776550293
2024-12-30,32.06979751586914,48.197906494140625,23.642824172973633
2025-01-02,32.58377456665039,47.93283462524414,23.533239364624023
2025-01-03,32.2381706237793,47.04044723510742,22.955881118774414
2025-01-06,32.0875244140625,46.43962860107422,23.987428665161133
2025-01-07,32.76986312866211,45.989013671875,24.249168395996094
2025-01-08,32.5040168762207,45.547237396240234,23.85655975341797
2025-01-09,32.64579772949219,45.26449966430664,23.91814613342285
2025-01-10,32.73441696166992,45.52073287963867,23.587127685546875
2025-01-13,32.849613189697266,45.51189422607422,23.756481170654297
2025-01-14,32.62807846069336,45.81230163574219,23.771881103515625
2025-01-15,33.0445671081543,46.47496795654297,24.80343246459961
2025-01-16,32.83189392089844,46.53681945800781,24.726451873779297
2025-01-17,32.96481704711914,48.14488983154297,24.903512954711914
2025-01-20,33.0445671081543,47.968177795410156,25.142154693603516
2025-01-21,33.053428649902344,47.729618072509766,25.1960391998291
2025-01-22,32.867340087890625,46.527984619140625,25.103662490844727
2025-01-23,32.63694381713867,46.22757339477539,25.04977798461914
2025-01-24,32.468570709228516,46.854896545410156,24.988187789916992
2025-01-27,32.94709396362305,47.676605224609375,25.58864402770996
2025-01-28,32.90278625488281,46.51914978027344,25.634836196899414
2025-01-29,32.698974609375,46.65167999267578,25.57324981689453
2025-01-30,33.133182525634766,48.622005462646484,26.19679832458496
2025-01-31,33.399024963378906,47.86214828491211,26.027433395385742
2025-02-03,33.230655670166016,47.89749526977539,25.7868595123291
2025-02-04,32.90278625488281,47.729618072509766,25.879291534423828
2025-02-05,32.66352462768555,47.9858512878418,26.272096633911133
2025-02-06,32.60149383544922,48.710365295410156,26.31831169128418
2025-02-07,32.4154052734375,48.44529724121094,26.125761032104492
2025-02-10,32.63694381713867,48.94892501831055,26.41073989868164
2025-02-11,32.63694381713867,48.73686981201172,26.688013076782227
2025-02-12,32.14955520629883,48.40995788574219,25.948606491088867
2025-02-13,32.185001373291016,48.471805572509766,26.08724594116211
2025-02-14,33.177490234375,49.18748092651367,26.780439376831055
2025-02-17,33.38130187988281,48.92241668701172,26.8343563079834
2025-02-18,33.99274826049805,49.249332427978516,26.78946876525879
2025-02-19,34.063636779785156,49.20515441894531,26.539321899414062
2025-02-20,34.1168098449707,51.016441345214844,26.466703414916992
2025-02-21,34.019325256347656,51.387535095214844,26.386011123657227
2025-02-24,33.78007125854492,50.91925048828125,26.240766525268555
2025-02-25,33.629425048828125,50.42445755004883,26.507047653198242
2025-02-26,33.629425048828125,50.11521530151367,26.442489624023438
2025-02-27,32.44198226928711,49.74412155151367,26.41828727722168
2025-02-28,31.83939552307129,48.72803497314453,25.77275848388672
2025-03-05,30.678544998168945,49.116798400878906,26.158395767211914
2025-03-06,30.359525680541992,49.65576934814453,26.206838607788086
2025-03-07,30.687408447265625,50.380287170410156,26.319868087768555
2025-03-10,30.678544998168945,49.56492233276367,26.553997039794922
2025-03-11,30.21774673461914,49.9780387878418,26.319868087768555
2025-03-12,30.21774673461914,49.3537712097168,26.40060043334961
2025-03-13,30.519039154052734,50.03312301635742,26.82849884033203
2025-03-14,31.45835304260254,51.676414489746094,27.700450897216797
2025-03-17,32.043216705322266,52.420021057128906,28.532024383544922
2025-03-18,32.06979751586914,52.80560302734375,28.6854248046875
2025-03-19,32.043216705322266,52.71379852294922,28.756471633911133
2025-03-20,32.11410903930664,52.54854965209961,28.490039825439453
2025-03-21,32.6103515625,52.74134063720703,28.552207946777344
2025-03-24,32.56604766845703,52.46592712402344,28.57884979248047
2025-03-25,32.82303237915039,52.64035415649414,28.809755325317383
2025-03-26,33.133182525634766,52.961666107177734,28.498924255371094
2025-03-27,33.38130187988281,53.383968353271484,28.534446716308594
2025-03-28,33.16862869262695,52.842323303222656,28.143686294555664
2025-03-31,32.92936706542969,52.05281066894531,27.895021438598633
2025-04-01,33.053428649902344,52.502647399902344,27.901817321777344
2025-04-02,32.96481704711914,52.26395797729492,27.910709381103516
2025-04-03,31.901426315307617,50.37279510498047,28.40831756591797
2025-04-04,30.61651611328125,48.3622932434082,27.670785903930664
2025-04-07,29.40248680114746,47.78392791748047,27.72410011291504
2025-04-08,28.356830596923828,45.167518615722656,27.732988357543945
2025-04-09,29.508825302124023,47.600318908691406,28.239482879638672
2025-04-10,27.67449188232422,48.454097747802734,28.123966217041016
2025-04-11,28.223905563354492,49.26197052001953,28.266143798828125
2025-04-14,28.11756706237793,49.904598236083984,28.728212356567383
2025-04-15,27.470678329467773,49.39967727661133,29.092531204223633
2025-04-16,27.470678329467773,48.25212860107422,29.048105239868164
2025-04-17,28.013818740844727,48.545902252197266,29.101421356201172
2025-04-22,28.07738494873047,49.40885543823242,29.67011833190918
2025-04-23,27.759559631347656,49.996402740478516,30.29213523864746
2025-04-24,27.63243293762207,50.776737213134766,30.878602981567383
2025-04-25,27.714157104492188,49.436397552490234,30.763086318969727
2025-04-28,27.605186462402344,49.61082458496094,31.091873168945312
2025-04-29,27.75048065185547,49.427215576171875,31.34067153930664
2025-04-30,27.232881546020508,48.52754211425781,31.616134643554688
2025-05-02,27.977495193481445,48.47245788574219,31.534032821655273
2025-05-05,26.93321990966797,48.61934280395508,30.97394371032715
2025-05-06,27.378173828125,48.656063079833984,30.813920974731445
2025-05-07,27.50530242919922,48.56426239013672,31.151744842529297
2025-05-08,27.886690139770508,48.41737747192383,31.40068244934082
2025-05-09,28.068302154541016,48.610164642333984,33.09873962402344
2025-05-12,28.740270614624023,49.831153869628906,32.43196105957031
2025-05-13,29.176143646240234,50.64820861816406,32.83202362060547
2025-05-14,28.976367950439453,50.40033721923828,33.054283142089844
2025-05-15,28.940046310424805,50.9052619934082,33.49879837036133
2025-05-16,29.07625389099121,50.94198226928711,33.69438552856445
2025-05-19,29.039932250976562,50.80427551269531,34.09444808959961
2025-05-20,29.157981872558594,50.813453674316406,34.05000686645508
2025-05-21,28.831077575683594,50.16164779663086,33.365447998046875
2025-05-22,28.449689865112305,49.785255432128906,33.13429641723633
2025-05-23,28.513254165649414,49.86787796020508,33.534366607666016
2025-05-26,28.422447204589844,49.583282470703125,33.60548400878906
2025-05-27,28.631303787231445,49.427215576171875,33.87220001220703
2025-05-28,28.540494918823242,49.03246307373047,33.59659194946289
2025-05-29,28.367963790893555,49.069183349609375,33.32988739013672
2025-05-30,28.059221267700195,47.829830169677734,33.27655029296875
2025-06-02,28.222673416137695,48.25212860107422,33.04319381713867
2025-06-03,28.23124885559082,48.22458267211914,32.93646240234375
2025-06-04,27.45484161376953,48.444915771484375,32.85641098022461
2025-06-05,27.464197158813477,48.57344055175781,32.45615768432617
2025-06-06,27.754179000854492,48.63770294189453,32.53620910644531
2025-06-09,27.28646469116211,48.92229461669922,32.367210388183594
2025-06-10,28.10964012145996,49.25279235839844,32.3170280456543
2025-06-11,29.04507064819336,48.821311950683594,32.6132698059082
2025-06-12,29.699872970581055,48.5,32.86461639404297
2025-06-13,30.429506301879883,47.85737228393555,32.46963882446289
2025-06-16,30.130168914794922,49.41803741455078,33.06211471557617
2025-06-17,30.813030242919922,47.19638442993164,33.259605407714844
2025-06-18,30.784969329833984,47.04031753540039,33.06211471557617
2025-06-20,30.700780868530273,45.8285026550293,32.89155578613281
2025-06-23,29.93372917175293,46.40686798095703,32.819740295410156
2025-06-24,29.344409942626953,46.39768981933594,33.43914031982422
2025-06-25,29.194738388061523,46.34260559082031,32.83768844604492
2025-06-26,29.4285945892334,47.7380256652832,32.595314025878906
2025-06-27,29.194738388061523,48.536720275878906,32.55940246582031
2025-06-30,29.353763580322266,48.334754943847656,33.16983413696289
2025-07-01,29.45665740966797,48.98655700683594,33.32040786743164
2025-07-02,29.980497360229492,50.767555236816406,33.050968170166016
2025-07-03,30.083396911621094,50.528865814208984,33.868263244628906
2025-07-04,30.045978546142578,50.675750732421875,33.88623046875
2025-07-07,29.98985481262207,49.9321403503418,33.43716049194336
2025-07-08,30.42015266418457,50.1065673828125,33.3563346862793
2025-07-09,30.23306655883789,49.61082458496094,32.66477584838867
2025-07-10,30.158233642578125,50.74919128417969,31.65888023376465
2025-07-11,30.52305030822754,51.41018295288086,31.39842414855957
2025-07-14,30.12081527709961,50.822635650634766,31.344539642333984
2025-07-15,29.886959075927734,49.491477966308594,31.452316284179688
2025-07-16,29.737289428710938,49.941322326660156,31.604991912841797
2025-07-17,29.437950134277344,49.849517822265625,32.080997467041016
2025-07-18,28.98894691467285,50.08820724487305,31.497217178344727
2025-07-21,29.04507064819336,51.456085205078125,31.865449905395508
2025-07-22,29.325700759887695,52.7872428894043,31.43435287475586
2025-07-23,29.924373626708984,52.71379852294922,31.784618377685547
2025-07-24,29.877605438232422,51.89674377441406,31.48823356628418
2025-07-25,29.915019989013672,51.134769439697266,31.622955322265625
2025-07-28,29.952436447143555,50.63903045654297,30.958343505859375
2025-07-29,30.34531593322754,50.3268928527832,31.137968063354492
2025-07-30,30.654010772705078,49.427215576171875,31.497217178344727
2025-07-31,30.53240394592285,49.078365325927734,31.578054428100586
2025-08-01,30.130168914794922,49.3445930480957,31.38723373413086
2025-08-04,30.083396911621094,49.73935317993164,31.719701766967773
2025-08-05,30.223712921142578,49.675086975097656,32.07015609741211
2025-08-06,30.261127471923828,49.36295700073242,32.47451400756836
2025-08-07,30.429506301879883,49.72098922729492,33.04959487915039
2025-08-08,28.558650970458984,50.85017776489258,33.27424240112305
2025-08-11,28.736379623413086,50.79509735107422,33.48091125488281
2025-08-12,28.81121253967285,51.32756042480469,34.17281723022461
2025-08-13,28.596065521240234,51.39919662475586,33.84933090209961
2025-08-14,28.23124885559082,50.76252365112305,33.804405212402344
2025-08-15,28.221893310546875,50.66749954223633,33.68759536743164
2025-08-18,28.399627685546875,50.553470611572266,33.930206298828125
2025-08-19,28.10028839111328,50.59148025512695,32.9443244934082
2025-08-20,28.268665313720703,50.36341857910156,32.96247100830078
2025-08-21,28.33414649963379,50.79103469848633,32.99876022338867
2025-08-22,29.149137496948242,52.06437301635742,33.924217224121094
2025-08-25,29.321334838867188,52.187904357910156,33.75182342529297
2025-08-26,29.110872268676758,52.65353012084961,33.525001525878906
2025-08-27,29.330900192260742,52.625022888183594,34.08753204345703
2025-08-28,29.589197158813477,52.64402770996094,34.795230865478516
2025-08-29,29.751827239990234,52.79607009887695,34.9222526550293
2025-09-01,29.81879234313965,52.834075927734375,35.20151138305664
2025-09-02,29.97185707092285,52.634525299072266,34.6024169921875
2025-09-03,29.713560104370117,52.834075927734375,34.3028678894043
2025-09-04,29.713560104370117,52.938602447509766,34.439022064208984
2025-09-05,29.263935089111328,53.42323684692383,34.82027053833008
2025-09-08,29.378732681274414,53.556270599365234,34.656883239746094
2025-09-09,29.60833168029785,53.39472579956055,34.35732650756836
2025-09-10,30.144054412841797,53.76532745361328,34.384559631347656
2025-09-11,30.029254913330078,54.18343734741211,34.44810104370117
2025-09-12,29.828359603881836,54.164432525634766,33.930702209472656
2025-09-15,30.08665657043457,54.639556884765625,34.493492126464844
2025-09-16,30.16318702697754,54.82960891723633,34.40271759033203
2025-09-17,30.34494972229004,54.92463302612305,34.89288330078125
2025-09-18,30.048389434814453,54.820106506347656,34.938270568847656
2025-09-19,29.713560104370117,55.03866195678711,35.401214599609375
2025-09-22,30.01012420654297,55.11468505859375,34.89288330078125
2025-09-23,30.517147064208984,54.80109786987305,35.44660186767578
2025-09-24,31.205934524536133,55.010154724121094,35.21059036254883
2025-09-25,30.95720863342285,55.31423568725586,34.92919158935547
2025-09-26,30.851974487304688,54.24995422363281,35.10166931152344
2025-09-29,30.431049346923828,54.43050003051758,35.301361083984375
2025-09-30,30.096221923828125,54.715579986572266,35.464752197265625
2025-10-01,30.019689559936523,55.409263610839844,34.826927185058594
2025-10-02,29.732694625854492,55.77986145019531,34.44550704956055
2025-10-03,29.65616226196289,55.67533493041992,34.69978332519531
2025-10-06,29.3882999420166,56.625587463378906,34.30020523071289
2025-10-07,29.493532180786133,55.82737350463867,33.75532531738281
2025-10-08,29.321334838867188,56.25498962402344,33.81889724731445
2025-10-09,28.900407791137695,56.16946792602539,33.764404296875
2025-10-10,28.642112731933594,55.941402435302734,33.72808074951172
2025-10-13,28.919540405273438,56.77762985229492,33.86430358886719
2025-10-14,28.718645095825195,56.77762985229492,34.00959777832031
2025-10-15,28.460350036621094,57.8324089050293,34.00959777832031
2025-10-16,28.173355102539062,57.30026626586914,33.92787170410156
2025-10-17,28.44121551513672,57.13872528076172,34.045936584472656
2025-10-20,28.460350036621094,57.87042236328125,34.65437698364258
2025-10-21,28.23075294494629,57.775394439697266,34.327449798583984
2025-10-22,28.556015014648438,58.80167007446289,34.60897445678711
2025-10-23,28.881275177001953,58.6876335144043,34.58172607421875
2025-10-24,28.54644775390625,58.65913009643555,34.53631591796875
2025-10-27,28.699512481689453,58.592613220214844,34.826927185058594
2025-10-28,28.689945220947266,59.10574722290039,34.94498062133789
2025-10-29,28.718645095825195,60.179534912109375,35.725975036621094
2025-10-30,28.594280242919922,60.635658264160156,35.68056869506836
2025-10-31,28.460350036621094,62.013526916503906,35.816795349121094
2025-11-03,28.795177459716797,62.09904479980469,36.4142951965332
2025-11-04,28.938674926757812,61.405364990234375,36.305267333984375
2025-11-05,29.512666702270508,62.46014404296875,36.459712982177734
2025-11-06,29.665729522705078,62.24158477783203,36.459712982177734
2025-11-07,30.785011291503906,61.55739974975586,36.496063232421875
2025-11-10,30.95720863342285,61.96601104736328,36.74136734008789
2025-11-11,31.76079559326172,61.80447006225586,37.45002365112305
2025-11-12,30.94763946533203,62.488651275634766,36.59599685668945
2025-11-13,31.081573486328125,62.40312576293945,36.74136734008789
2025-11-14,31.282468795776367,62.02302169799805,36.88673782348633
2025-11-17,31.454666137695312,61.97551345825195,36.614166259765625
2025-11-18,31.559898376464844,61.785457611083984,36.43246078491211
2025-11-19,31.397266387939453,61.71894073486328,36.205326080322266
2025-11-21,31.158103942871094,61.91850280761719,36.314353942871094
2025-11-24,31.129404067993164,61.85197830200195,36.17807388305664
2025-11-25,30.880674362182617,62.33660888671875,36.25984191894531
2025-11-26,30.832841873168945,63.267860412597656,37.11387252807617
2025-11-27,30.99547576904297,63.030296325683594,36.986671447753906
2025-11-28,30.41191864013672,64.04706573486328,37.83161163330078
2025-12-01,30.469316482543945,64.54119110107422,37.53861999511719
2025-12-02,30.679777145385742,65.0733413696289,38.37482833862305
2025-12-03,30.90937614440918,67.17340087890625,38.37482833862305
2025-12-04,31.110271453857422,68.34220886230469,39.32011413574219
2025-12-05,30.01012420654297,66.7267837524414,37.502262115478516
2025-12-08,30.287551879882812,66.2706527709961,37.684051513671875
2025-12-09,30.4788818359375,66.30867004394531,37.60224533081055
2025-12-10,30.5554141998291,67.52498626708984,37.8981819152832
2025-12-11,30.048389434814453,68.41822814941406,37.86935043334961
2025-12-12,30.2205867767334,68.61000061035156,38.20567321777344
2025-12-15,30.325817108154297,69.02999877929688,38.7822151184082
2025-12-16,29.407432556152344,69.29000091552734,37.782867431640625
2025-12-17,29.732694625854492,70.16999816894531,37.44654846191406
2025-12-18,29.560497283935547,70.3499984741211,37.63873291015625
2025-12-19,29.665729522705078,70.8499984741211,37.98466110229492
2025-12-22,29.751827239990234,72.91999816894531,38.06153869628906
2025-12-23,29.91182518005371,72.9000015258789,38.686119079589844
2025-12-26,30.01051139831543,73.12000274658203,38.69861602783203
2025-12-29,30.32630729675293,72.12000274658203,38.57984924316406
2025-12-30,30.415124893188477,71.95999908447266,38.8272819519043
2026-01-02,30.306570053100586,72.37999725341797,38.76607131958008
2026-01-05,29.80327033996582,73.12000274658203,39.330482482910156
2026-01-06,29.250625610351562,75.87000274658203,39.5681266784668
2026-01-07,29.43813133239746,76.31999969482422,38.93440246582031
2026-01-08,29.80327033996582,75.58000183105469,39.53842544555664
2026-01-09,29.90195655822754,74.72000122070312,39.45920181274414
2026-01-12,29.96116828918457,74.73999786376953,39.10274124145508
2026-01-13,30.730920791625977,75.3499984741211,38.78587341308594
2026-01-14,31.56975555419922,78.91999816894531,39.21165466308594
2026-01-15,31.37238311767578,78.8499984741211,39.54832077026367
2026-01-16,31.619098663330078,78.87999725341797,39.221561431884766
2026-01-19,31.74738883972168,78.56999969482422,39.16214370727539
2026-01-20,31.865816116333008,80.08000183105469,39.52851867675781
2026-01-21,32.99083709716797,82.5,41.261356353759766
2026-01-22,33.13887023925781,82.9800033569336,42.657535552978516
2026-01-23,34.579689025878906,85.0199966430664,43.14272689819336
2026-01-26,34.895484924316406,83.06999969482422,43.717044830322266
2026-01-27,35.65536880493164,84.9000015258789,44.87555694580078
2026-01-28,36.8494758605957,86.97000122070312,45.885562896728516
2026-01-29,37.20474624633789,87.41000366210938,45.697425842285156
2026-01-30,37.263954162597656,84.31999969482422,45.053802490234375
2026-02-02,36.750789642333984,84.81999969482422,45.44823455810547
2026-02-03,37.08632278442383,88.98999786376953,45.70578384399414
2026-02-04,37.0271110534668,89.43000030517578,44.20009231567383
2026-02-05,36.513938903808594,86.44999694824219,45.09162139892578
2026-02-06,36.168540954589844,85.62999725341797,46.3100471496582
2026-02-09,36.829734802246094,87.30999755859375,47.855369567871094
2026-02-10,36.85934066772461,87.05000305175781,47.964324951171875
2026-02-11,37.57975387573242,90.08999633789062,48.905391693115234
2026-02-12,36.62249755859375,89.2300033569336,47.7860221862793
2026-02-13,36.4053840637207,87.02999877929688,47.3204460144043
2026-02-18,36.70144271850586,83.91999816894531,47.53837585449219
2026-02-19,37.31330108642578,83.45999908447266,48.09310531616211
2026-02-20,37.47119903564453,86.80999755859375,48.76670837402344
2026-02-23,38.08305358886719,87.38999938964844,47.003456115722656
2026-02-24,39.05017852783203,87.7300033569336,47.71668243408203
2026-02-25,39.05017852783203,89.97000122070312,47.34025955200195
2026-02-26,39.08965301513672,89.20999908447266,47.22138595581055
2026-02-27,38.81333541870117,88.47000122070312,46.33976364135742
2026-03-02,40.58968734741211,88.16000366210938,45.50553894042969
2026-03-03,40.412052154541016,84.4800033569336,43.97944259643555
2026-03-04,39.967960357666016,84.08999633789062,44.603755950927734
2026-03-05,40.15546417236328,81.29000091552734,43.11729049682617
2026-03-06,41.60615539550781,78.86000061035156,42.54253005981445
2026-03-09,42.593017578125,79.26000213623047,42.77045440673828
2026-03-10,42.36603927612305,80.55999755859375,43.40467834472656
2026-03-11,44.21147155761719,79.8499984741211,43.49386215209961
2026-03-12,44.40884780883789,79.23999786376953,42.30469512939453
2026-03-13,44.08317947387695,78.30000305175781,42.01731491088867
2026-03-16,45.25754928588867,78.83999633789062,42.611900329589844
2026-03-17,45.77071762084961,78.95999908447266,42.32451629638672
2026-03-18,46.382572174072266,77.12999725341797,41.89839553833008
2026-03-19,46.165462493896484,76.62999725341797,42.1956901550293
2026-03-20,45.07004165649414,75.55000305175781,41.515140533447266
2026-03-23,45.425315856933594,77.48999786376953,42.74410629272461
2026-03-24,46.649024963378906,78.0999984741211,42.504310607910156
2026-03-25,46.87600326538086,79.55000305175781,43.063838958740234
2026-03-26,47.38917541503906,78.91000366210938,41.90481185913086
2026-03-27,48.76091384887695,79.0,41.415225982666016
2026-03-30,49.017494201660156,79.5,41.56509780883789
2026-03-31,48.03063201904297,82.4800033569336,43.44352340698242
2026-04-01,46.747711181640625,83.0,43.81155014038086
2026-04-02,47.5174674987793,83.55000305175781,43.281768798828125
2026-04-06,48.29708480834961,83.08999633789062,43.4716911315918
2026-04-07,47.87273406982422,83.69000244140625,43.44170379638672
2026-04-08,45.99769592285156,85.58999633789062,44.961063385009766
2026-04-09,47.270751953125,84.69000244140625,45.73073959350586
2026-04-10,48.385902404785156,85.58999633789062,46.05060577392578
2026-04-13,49.12605285644531,87.36000061035156,45.810707092285156
2026-04-14,47.251014709472656,88.30000305175781,46.51041030883789
2026-04-15,46.274017333984375,88.44000244140625,47.020198822021484
2026-04-16,47.94181823730469,87.44000244140625,46.96022033691406
2026-04-17,45.61281967163086,89.75,46.780296325683594
2026-04-20,46.40230941772461,88.7300033569336,46.35047912597656
2026-04-22,47.04376983642578,87.22000122070312,45.011043548583984
2026-04-23,47.77000045776367,85.97000122070312,44.161399841308594
2026-04-24,47.15999984741211,85.87000274658203,44.351318359375
2026-04-27,47.369998931884766,85.5,43.97148132324219
2026-04-28,47.52000045776367,84.38999938964844,44.0814323425293
2026-04-29,48.959999084472656,79.44000244140625,42.851951599121094
2026-04-30,49.08000183105469,81.18000030517578,43.171817779541016
2026-05-04,49.34000015258789,78.66000366210938,42.400001525878906
2026-05-05,48.65999984741211,78.38999938964844,42.459999084472656
